{"w": [[-0.859485387802124], [0.49665358662605286], [-1.393712043762207], [0.4642651379108429], [-1.547942042350769], [-0.49598830938339233], [-1.3133535385131836]], "b": [-1.0060161352157593], "s": [[10.99660587310791]]}